f0_hz,f1_hz,f2_hz,f3_hz,zcr,spectral_rolloff_hz,spectral_centroid_hz,spectral_bandwidth_hz,rms_energy,tempo_bpm,onset_strength,hnr_db,archivo,genero
144.32659256732614,140.625,164.0625,265.625,0.14890358664772727,3485.440340909091,1917.8556699202124,1618.6058648399637,0.108752914,[117.1875],2.8199692,14.984393,arctic_b0527(6).wav,H
100.35676112334016,31.25,93.75,179.6875,0.12808890964673914,3576.0020380434785,1977.5463204323062,1670.101874205771,0.056929585,[125.],2.8442996,14.540778,arctic_b0527(7).wav,H
128.8056230645075,15.625,62.5,125.0,0.047708178323412696,2303.8814484126983,1102.0941158716548,1413.3954672531443,0.0636844,[117.1875],2.0741074,21.337734,arctic_b0527.wav,H
128.943224699483,132.8125,203.125,226.5625,0.12075998813291139,3646.756329113924,1857.068722076896,1644.1174564249081,0.07678498,[125.],3.2702591,15.159046,arctic_b0528(1).wav,H
124.72733514355461,62.5,125.0,187.5,0.11830647786458333,3220.6217447916665,1736.5912427883861,1507.7218070240476,0.06611606,[234.375],2.7516334,16.906284,arctic_b0528(2).wav,H
122.12337205327489,15.625,125.0,250.0,0.07433099856321838,2621.1386494252874,1338.5273955078949,1413.629849633666,0.058972266,[117.1875],2.795356,17.982649,arctic_b0528(3).wav,H
128.943224699483,132.8125,203.125,226.5625,0.12075998813291139,3646.756329113924,1857.068722076896,1644.1174564249081,0.07678498,[125.],3.2702591,15.159046,arctic_b0528(4).wav,H
142.74949158956085,156.25,265.625,289.0625,0.14389993686868688,3226.5625,1830.4314257561825,1519.3716698441228,0.0911181,[208.33333333],2.850042,14.723127,arctic_b0528(6).wav,H
112.61848730533461,109.375,140.625,164.0625,0.12525139232673269,3389.4647277227723,1878.418911348514,1648.5521421849683,0.07611269,[110.29411765],2.885115,13.28204,arctic_b0528(7).wav,H
124.4116137561053,15.625,125.0,250.0,0.06324792286706349,2633.4325396825398,1282.801666496012,1512.539686443283,0.041842703,[110.29411765],2.1539927,18.663815,arctic_b0528.wav,H
127.17407524796597,109.375,132.8125,226.5625,0.11867850167410714,3390.4854910714284,1694.2847638594333,1453.077393457307,0.07563835,[98.68421053],3.1278224,15.834774,arctic_b0529(1).wav,H
112.79949247677835,101.5625,195.3125,296.875,0.07277644230769231,2920.9134615384614,1434.2279362834815,1555.315501569431,0.074575685,[85.22727273],2.5403771,18.995655,arctic_b0529(2).wav,H
157.89586276202363,15.625,78.125,148.4375,0.09791229992378049,2812.9763719512193,1506.9423581254332,1453.2833823624608,0.085243426,[125.],2.5758715,16.054348,arctic_b0529(3).wav,H
127.17407524796597,109.375,132.8125,226.5625,0.11867850167410714,3390.4854910714284,1694.2847638594333,1453.077393457307,0.07563835,[98.68421053],3.1278224,15.834774,arctic_b0529(4).wav,H
146.07899531714932,140.625,210.9375,273.4375,0.1142434512867647,3128.4466911764707,1796.1734941278137,1610.1830104567923,0.11926276,[81.52173913],2.7822516,14.716645,arctic_b0529(6).wav,H
94.37933429369653,85.9375,164.0625,203.125,0.09656277508802817,2585.4973591549297,1447.1402840271166,1455.8844459268041,0.08216298,[85.22727273],2.576319,13.592633,arctic_b0529(7).wav,H
137.67536015573802,15.625,148.4375,210.9375,0.07661752852182539,2836.6195436507937,1403.0743960708376,1575.8305761646302,0.05648265,[125.],1.871628,17.221247,arctic_b0529.wav,H
127.55214673628527,132.8125,226.5625,265.625,0.10771348741319445,3495.659722222222,1758.125603625164,1605.3989401270508,0.083954334,[133.92857143],3.106376,19.005514,arctic_b0530(1).wav,H
105.86242707783589,101.5625,125.0,203.125,0.08206215387658228,3136.3726265822784,1530.9826491943293,1584.4588620355419,0.081828706,[117.1875],2.6877558,19.553795,arctic_b0530(2).wav,H
126.08129279539055,15.625,148.4375,210.9375,0.06955101376488096,2524.7395833333335,1255.5085372442418,1374.074651092915,0.08291723,[144.23076923],2.8049717,17.582605,arctic_b0530(3).wav,H
127.55214673628527,132.8125,226.5625,265.625,0.10771348741319445,3495.659722222222,1758.125603625164,1605.3989401270508,0.083954334,[133.92857143],3.106376,19.005514,arctic_b0530(4).wav,H
172.2717380257847,140.625,156.25,281.25,0.10820978338068182,3306.9069602272725,1681.9212799244044,1646.847692942931,0.12082729,[234.375],2.5945828,16.5303,arctic_b0530(6).wav,H
106.33007356647813,93.75,117.1875,179.6875,0.10152994791666667,3433.2589285714284,1717.3667361504026,1709.5224700746942,0.09722964,[208.33333333],2.6676738,16.634212,arctic_b0530(7).wav,H
119.21600524456738,15.625,148.4375,210.9375,0.05735367063492063,2605.902777777778,1227.256064987783,1506.7547890560213,0.05658325,[208.33333333],2.0877752,18.412954,arctic_b0530.wav,H
115.53839095575853,117.1875,148.4375,179.6875,0.14502704326923077,3739.0625,1963.635687239257,1582.9687106859317,0.081648774,[110.29411765],3.4752686,15.925087,arctic_b0531(1).wav,H
99.59820209494384,101.5625,132.8125,195.3125,0.13121396019345238,3454.2410714285716,1803.2606552971145,1599.7395628009533,0.09115121,[89.28571429],2.7234128,17.162327,arctic_b0531(2).wav,H
131.532706022562,7.8125,132.8125,156.25,0.06370495211693548,2126.0080645161293,1200.6269560916678,1240.1876645745792,0.07052802,[110.29411765],2.7312753,19.93839,arctic_b0531(3).wav,H
115.53839095575853,117.1875,148.4375,179.6875,0.14502704326923077,3739.0625,1963.635687239257,1582.9687106859317,0.081648774,[110.29411765],3.4752686,15.925087,arctic_b0531(4).wav,H
170.08954643594652,15.625,164.0625,265.625,0.09321882918074324,3622.730152027027,1665.4286206202355,1786.8751555292365,0.05383722,[78.125],1.8304522,17.396263,arctic_c0002.wav,H
162.8751730861391,15.625,31.25,164.0625,0.06180481991525424,3952.683615819209,1706.6699561826993,1939.0765377504042,0.037032954,[117.1875],1.4786195,19.140837,arctic_c0003.wav,H
139.8867990057382,15.625,31.25,148.4375,0.05654246536726804,3448.6146907216494,1442.7349780292009,1817.6655345647532,0.043233365,[156.25],1.4769557,22.012178,arctic_c0004.wav,H
114.91284088276515,15.625,31.25,148.4375,0.047208608307453416,3410.5201863354037,1388.0134602037374,1806.2297968471478,0.061948676,[170.45454545],1.3162571,22.747456,arctic_c0005.wav,H
135.7375673391967,15.625,171.875,359.375,0.06583319769965278,3989.5290798611113,1657.6636876867224,1955.2565030101719,0.061878707,[117.1875],1.4254363,19.559757,arctic_c0006.wav,H
138.6350137129704,15.625,148.4375,164.0625,0.09098883434734513,3581.0978982300885,1615.4894517924383,1798.2508754965656,0.057041537,[104.16666667],1.977808,16.691908,arctic_c0007.wav,H
151.25653044815098,15.625,31.25,156.25,0.09240315755208334,3774.21875,1695.230795019084,1841.956567806086,0.06772108,[117.1875],1.933716,17.77261,arctic_c0008.wav,H
126.32442476008684,15.625,140.625,210.9375,0.09698994954427083,3755.0455729166665,1750.3873699008766,1830.296032186541,0.063925296,[125.],1.9240994,18.212822,arctic_c0009.wav,H
147.1206728517747,15.625,31.25,148.4375,0.04301283094618055,3735.405815972222,1529.787723779472,1882.8994613380482,0.055877488,[110.29411765],1.309896,20.314812,arctic_c0010.wav,H
134.99909839775398,15.625,31.25,164.0625,0.07516927083333333,3685.5208333333335,1640.474845011209,1818.3142828613325,0.06868625,[78.125],1.7387952,20.008156,arctic_c0011.wav,H
153.04586930490828,15.625,148.4375,242.1875,0.08043619791666666,2713.9880952380954,1298.9561351771638,1555.0161278322355,0.08936157,[75.],2.10324,17.896244,arctic_c0012.wav,H
117.31706965549752,15.625,31.25,125.0,0.05980224609375,3629.736328125,1533.5409196675678,1856.7445393003902,0.053025533,[144.23076923],1.5776598,19.468245,arctic_c0013.wav,H
136.72027202588458,15.625,164.0625,273.4375,0.09710525372706422,3678.4690366972477,1773.3743582334332,1827.0363004897622,0.08747459,[125.],2.0518055,18.931938,arctic_c0014.wav,H
165.39893757602002,15.625,31.25,171.875,0.11161448543233082,3682.2133458646617,1781.465669845297,1757.0888037940626,0.07115134,[110.29411765],2.2012327,15.757954,arctic_c0015.wav,H
165.81817251497887,15.625,156.25,210.9375,0.07739395745056497,3579.537429378531,1592.614494973178,1790.1016276582752,0.06187735,[125.],1.7664155,18.646742,arctic_c0016.wav,H
147.8027545690208,15.625,31.25,156.25,0.09978756294431279,3827.1623222748817,1779.3061339450069,1878.298633568254,0.051951118,[170.45454545],1.7154948,17.653948,arctic_c0017.wav,H
128.95198050396488,15.625,164.0625,296.875,0.0658721923828125,3611.63330078125,1569.9780174471855,1872.687806767247,0.053149503,[125.],1.5213315,17.679022,arctic_c0018.wav,H
149.6507073318614,15.625,31.25,156.25,0.09863959418402778,4001.7361111111113,1822.3197019396875,1949.833241883989,0.050491795,[93.75],1.6736468,17.687038,arctic_c0019.wav,H
184.2992168860881,187.5,226.5625,375.0,0.05987055997670807,3848.7480590062114,1621.3777564699624,1917.364240360964,0.054125488,[98.68421053],1.394537,19.631264,arctic_c0020.wav,H
162.89485517456612,15.625,31.25,140.625,0.09886937111801242,4204.532220496894,1886.7177266134456,1955.5656551714387,0.06973732,[98.68421053],1.7760363,17.919535,arctic_c0021.wav,H
149.2777647305135,7.8125,171.875,203.125,0.10430415372670808,3869.3711180124224,1863.2772966447772,1843.0494117724766,0.06917098,[117.1875],1.5756209,18.035421,arctic_c0022.wav,H
153.33249279564188,15.625,156.25,179.6875,0.0939114478326613,3299.5841733870966,1554.6308986310266,1694.0391127081155,0.10163795,[93.75],2.0507593,19.33354,arctic_c0023.wav,H
187.27038975400296,7.8125,31.25,148.4375,0.08715130649717515,3977.2245762711864,1764.9448867577485,1895.3326513401337,0.058527865,[81.52173913],1.7058477,17.616684,arctic_c0024.wav,H
211.2128069773286,7.8125,148.4375,218.75,0.105664614230226,3952.4187853107346,1841.002696528504,1878.7327486981685,0.056872137,[133.92857143],1.7913594,17.651016,arctic_c0025.wav,H
176.71016697012183,15.625,140.625,171.875,0.04590119615112994,3404.6610169491523,1399.8517116844657,1783.4886087074128,0.073253214,[110.29411765],1.4163845,21.783482,arctic_c0026.wav,H
156.6641270610834,15.625,132.8125,257.8125,0.1089887888418079,3905.2348163841807,1861.2155983936643,1851.233549292967,0.06286722,[187.5],2.123773,17.273666,arctic_c0027.wav,H
205.50135986933796,15.625,140.625,164.0625,0.09705210540254237,4130.1641949152545,1909.1458863986993,1937.397928103783,0.056632522,[133.92857143],1.6597228,18.21383,arctic_c0028.wav,H
171.31289193727892,7.8125,132.8125,195.3125,0.06631815802190721,3535.7200386597938,1580.9441713352824,1782.3783479369836,0.06516398,[208.33333333],1.5812256,20.733467,arctic_c0029.wav,H
158.81356804710092,15.625,132.8125,156.25,0.08209165592783506,3630.1949097938145,1675.0669058152812,1787.0578436048534,0.060818605,[156.25],1.7010607,19.92716,arctic_c0030.wav,H
153.4523517514169,15.625,31.25,148.4375,0.06972354220360824,3592.6224226804125,1533.9973515993747,1823.029179164692,0.054548815,[156.25],1.529126,19.982552,arctic_c0031.wav,H
147.4655722616123,7.8125,31.25,156.25,0.0684326171875,3626.3671875,1596.2601191246138,1819.4288838356201,0.07018156,[133.92857143],1.9266838,19.405827,arctic_c0032.wav,H
156.14961009952208,15.625,164.0625,187.5,0.06070120223445596,3289.0625,1440.1541229250136,1679.5208713387285,0.07309416,[110.29411765],1.7535934,20.158115,arctic_c0033.wav,H
148.4815013576871,15.625,31.25,179.6875,0.09210482510653409,3781.560724431818,1737.7099735418049,1833.6191616127398,0.054412685,[104.16666667],1.7591466,17.76302,arctic_c0034.wav,H
132.91447795214165,15.625,148.4375,210.9375,0.08608731356534091,3892.178622159091,1714.860242665234,1869.8458520620138,0.05529059,[187.5],1.5303174,18.594425,arctic_c0035.wav,H
157.05707646540606,15.625,31.25,148.4375,0.1370855934261658,4095.77396373057,2042.125931754106,1861.3976788208186,0.070924245,[125.],1.9369165,17.147432,arctic_c0036.wav,H
196.65173943149406,15.625,31.25,164.0625,0.09574962797619048,3778.0505952380954,1747.5961425011783,1817.6801016949225,0.04262971,[117.1875],1.7093945,18.390667,arctic_c0037.wav,H
154.36325896012045,15.625,140.625,171.875,0.09212395334928229,4037.3430023923447,1892.5452925714571,1869.96225254686,0.0712091,[170.45454545],1.64655,18.643036,arctic_c0038.wav,H
152.12105461996552,15.625,164.0625,250.0,0.08808390299479167,3757.8125,1725.3216780523783,1817.3046377625622,0.047673214,[234.375],1.7086533,18.955605,arctic_c0039.wav,H
166.73959674456128,15.625,164.0625,250.0,0.09850819905598958,3779.5817057291665,1771.9658473276597,1796.0354551441842,0.06577135,[104.16666667],1.9166044,17.176704,arctic_c0040.wav,H
161.24965643818393,15.625,164.0625,210.9375,0.057500203450520836,3589.0706380208335,1550.6720220593068,1804.566246130643,0.066409476,[187.5],1.5416183,19.631226,arctic_c0041.wav,H
147.98461277586946,15.625,164.0625,203.125,0.07162729899088542,3501.0172526041665,1564.491477888776,1724.357448217679,0.08373437,[104.16666667],1.742431,20.301245,arctic_c0042.wav,H
156.5257269848864,15.625,171.875,281.25,0.07153065999348958,3592.4072265625,1588.5584384053425,1799.234866583732,0.060968358,[117.1875],1.5678936,19.2346,arctic_c0043.wav,H
128.97268079834564,7.8125,164.0625,265.625,0.0606842041015625,3383.9111328125,1475.95801766776,1754.6008566082612,0.068397395,[170.45454545],1.7856792,20.527355,arctic_c0044.wav,H
163.11507390287588,7.8125,164.0625,242.1875,0.09186553955078125,3938.6393229166665,1830.3778196571327,1856.8296956549086,0.08120478,[156.25],1.7909317,17.50282,arctic_c0045.wav,H
181.80664807272012,7.8125,148.4375,195.3125,0.07521400269138756,3757.064892344498,1655.647860519936,1881.1293445662077,0.054899946,[125.],1.6098096,18.154657,arctic_c0046.wav,H
153.18585154812308,15.625,148.4375,187.5,0.0901404567882775,3714.8998205741627,1717.1917102281066,1791.8007864923886,0.07248443,[144.23076923],1.9369072,17.106068,arctic_c0047.wav,H
187.13833631131106,15.625,156.25,203.125,0.10683780651913875,3913.464413875598,1855.1435889361285,1860.9351253664147,0.071701035,[93.75],1.9473609,17.968863,arctic_c0048.wav,H
164.96835178765326,7.8125,148.4375,273.4375,0.08543132362565445,3625.5317408376964,1661.3061494916747,1802.0214061720906,0.06933139,[133.92857143],1.9360294,19.008938,arctic_c0049.wav,H
165.2735543413555,15.625,164.0625,203.125,0.0616665984947644,3343.586387434555,1488.8676139893378,1746.8219790040023,0.056937933,[170.45454545],1.6528676,18.652397,arctic_c0050.wav,H
152.36149906619028,15.625,31.25,187.5,0.081512451171875,3597.9942908653848,1605.5475534679692,1792.1552922401547,0.054546062,[170.45454545],1.7906791,19.20586,arctic_c0051.wav,H
194.5398488675069,15.625,148.4375,171.875,0.08395855243389423,3545.0345552884614,1624.3039217725793,1758.1118281110785,0.042829014,[144.23076923],1.689508,18.749111,arctic_c0052.wav,H
152.1159780419691,7.8125,164.0625,218.75,0.09063107431220095,3710.1525119617227,1714.122991490944,1827.6833434510152,0.06968303,[125.],1.824615,16.725492,arctic_c0053.wav,H
171.49917166432758,7.8125,148.4375,203.125,0.08979001569976076,3732.206937799043,1715.778824266443,1779.864905453159,0.050074726,[104.16666667],1.6461564,18.424446,arctic_c0054.wav,H
189.8624635018348,7.8125,148.4375,179.6875,0.11443770559210527,3960.5263157894738,1885.0175166271572,1860.1334996904668,0.061984695,[133.92857143],1.765781,17.999298,arctic_c0055.wav,H
175.4161934922269,7.8125,140.625,195.3125,0.0659646942284689,3351.1139354066986,1475.0388080465302,1718.7102605839734,0.07126005,[133.92857143],1.6676973,19.061052,arctic_c0056.wav,H
159.99682289897416,15.625,140.625,179.6875,0.064422607421875,3335.186298076923,1474.7407691051267,1763.9051795964833,0.038772814,[98.68421053],1.6691146,20.297081,arctic_c0057.wav,H
156.7625120338411,15.625,164.0625,210.9375,0.06080507607984293,3285.422120418848,1484.6174514258557,1699.6202862549637,0.0745862,[125.],1.711213,20.442963,arctic_c0058.wav,H
171.07441737513759,15.625,156.25,195.3125,0.08490725212696335,3869.7643979057593,1770.4222570267732,1852.2981093721896,0.063066535,[117.1875],1.7115306,18.381031,arctic_c0059.wav,H
188.92858793753535,15.625,164.0625,203.125,0.10018713187172774,3727.4214659685863,1704.295658909096,1831.2761268545057,0.06432761,[125.],1.8664142,16.650574,arctic_c0060.wav,H
181.39644357981797,15.625,156.25,234.375,0.0789654071514423,3406.8134014423076,1583.7443169537898,1694.5473584158608,0.06230323,[234.375],1.9124306,19.065393,arctic_c0061.wav,H
179.24433519838163,7.8125,31.25,164.0625,0.11428850446428572,3905.2678571428573,1898.5255512581846,1815.4042097127112,0.081167854,[133.92857143],1.9516402,17.728325,arctic_c0062.wav,H
169.75672024128627,15.625,156.25,273.4375,0.11231122698102679,3784.423828125,1816.5926178656357,1786.4608909139247,0.07172676,[156.25],1.9983543,17.488222,arctic_c0063.wav,H
172.63274437093284,15.625,156.25,171.875,0.08811598557692307,3646.5970552884614,1727.2028764430324,1799.2703009504569,0.08291518,[133.92857143],1.9015834,18.53855,arctic_c0064.wav,H
187.5498539795032,15.625,148.4375,187.5,0.08425433819110577,3630.108173076923,1621.3769754532036,1784.8627717921138,0.074069016,[117.1875],1.7596714,18.816736,arctic_c0065.wav,H
196.69418813533522,7.8125,31.25,148.4375,0.11663382393973214,3890.13671875,1915.3023139465226,1806.8648003135147,0.06747438,[133.92857143],1.8379633,17.748302,arctic_c0066.wav,H
179.8884485352933,7.8125,125.0,164.0625,0.09337205153245193,3762.2821514423076,1767.63823107147,1798.3897260466188,0.083140224,[110.29411765],2.0202188,18.5457,arctic_c0067.wav,H
197.67585676957813,148.4375,187.5,257.8125,0.10783604213169642,4002.3367745535716,1856.7238527382262,1877.2908343851054,0.08539013,[208.33333333],1.7797155,17.945297,arctic_c0068.wav,H
183.8950790025847,7.8125,156.25,195.3125,0.116424560546875,3882.8125,1879.6145680416894,1802.8212901999707,0.08852689,[117.1875],2.1361113,17.558016,arctic_c0069.wav,H
173.79179626197035,15.625,31.25,164.0625,0.11033848353794642,3816.6852678571427,1810.6036946384163,1829.78520936942,0.06783025,[104.16666667],1.9834396,17.605463,arctic_c0070.wav,H
183.04192777873277,15.625,164.0625,218.75,0.10514177594866071,3728.759765625,1820.2169582432882,1770.716715495686,0.07313532,[85.22727273],1.9364191,18.008291,arctic_c0071.wav,H
173.0029349927786,15.625,164.0625,203.125,0.09445626395089286,3524.7977120535716,1636.6196595882018,1747.968471747898,0.071087815,[75.],1.7774333,18.536644,arctic_c0072.wav,H
160.2598201366664,15.625,140.625,273.4375,0.09281485421316964,3375.0348772321427,1604.6840124156727,1702.723635307853,0.06266369,[98.68421053],2.037562,17.729427,arctic_c0073.wav,H
166.51879867760113,195.3125,367.1875,398.4375,0.0794247909330986,2631.4920774647885,1317.4038729004942,1377.4376927556305,0.12405784,[187.5],2.5306082,14.672247,arctic_b0500(1).wav,M
158.5202031510299,164.0625,187.5,296.875,0.062056107954545456,2626.183712121212,1272.554768647144,1457.656429636408,0.121105514,[208.33333333],2.3427665,20.716722,arctic_b0500(3).wav,M
166.51879867760113,195.3125,367.1875,398.4375,0.0794247909330986,2631.4920774647885,1317.4038729004942,1377.4376927556305,0.12405784,[187.5],2.5306082,14.672247,arctic_b0500.wav,M
173.31897652121157,179.6875,218.75,343.75,0.10260132655201343,2863.0453020134228,1572.7012304418884,1405.9602295901702,0.1373442,[187.5],2.5143423,16.111982,arctic_b0501(1).wav,M
159.30963976466526,164.0625,320.3125,390.625,0.10557956560283688,2972.1852836879434,1630.3675207219342,1449.9865997068312,0.109341286,[125.],2.6945693,19.095528,arctic_b0501(3).wav,M
173.31897652121157,179.6875,218.75,343.75,0.10260132655201343,2863.0453020134228,1572.7012304418884,1405.9602295901702,0.1373442,[187.5],2.5143423,16.111982,arctic_b0501.wav,M
162.1108987230776,164.0625,195.3125,234.375,0.11171875,3414.125,1752.0324895107408,1619.4033924559608,0.095815994,[156.25],2.6192667,15.472575,arctic_b0502(1).wav,M
166.82267168704843,179.6875,335.9375,359.375,0.11910232843137254,3631.5104166666665,1886.3858826156481,1678.2517613453451,0.09554357,[72.11538462],2.5914416,15.602316,arctic_b0502(3).wav,M
162.1108987230776,164.0625,195.3125,234.375,0.11171875,3414.125,1752.0324895107408,1619.4033924559608,0.095815994,[156.25],2.6192667,15.472575,arctic_b0502.wav,M
170.09176382166166,195.3125,390.625,562.5,0.16686926354895104,3611.724213286713,1969.6423565189946,1652.136521542891,0.1118166,[144.23076923],2.6534655,14.961355,arctic_b0503(1).wav,M
158.36053994014122,179.6875,328.125,351.5625,0.1590859375,3750.4375,1954.3666558588118,1723.9554216339945,0.080111176,[187.5],2.7454655,16.101074,arctic_b0503(3).wav,M
170.09176382166166,195.3125,390.625,562.5,0.16686926354895104,3611.724213286713,1969.6423565189946,1652.136521542891,0.1118166,[144.23076923],2.6534655,14.961355,arctic_b0503.wav,M
176.86776086950667,187.5,359.375,390.625,0.12608465529580154,3296.9346374045804,1664.5369857379167,1622.1623190890236,0.1113398,[98.68421053],2.8533554,13.978352,arctic_b0504(1).wav,M
170.48868563892935,179.6875,218.75,304.6875,0.11872438524590163,3280.8017418032787,1693.9201126306925,1629.045496443953,0.079630114,[125.],2.6967132,15.142323,arctic_b0504(3).wav,M
176.86776086950667,187.5,359.375,390.625,0.12608465529580154,3296.9346374045804,1664.5369857379167,1622.1623190890236,0.1113398,[98.68421053],2.8533554,13.978352,arctic_b0504.wav,M
172.2001171252161,179.6875,343.75,375.0,0.10671968005952381,3264.9553571428573,1663.1093119112504,1530.280591303681,0.100792356,[156.25],2.6303728,14.751814,arctic_b0505(1).wav,M
160.57638487224656,164.0625,187.5,328.125,0.10039277129120878,3139.680631868132,1629.1530917660855,1531.945386963562,0.06766803,[187.5],2.8720808,17.45171,arctic_b0505(3).wav,M
172.2001171252161,179.6875,343.75,375.0,0.10671968005952381,3264.9553571428573,1663.1093119112504,1530.280591303681,0.100792356,[156.25],2.6303728,14.751814,arctic_b0505.wav,M
176.08449959300714,195.3125,218.75,359.375,0.10989118303571428,3190.457589285714,1655.0440265579707,1557.3315077321242,0.123016536,[133.92857143],2.6806219,14.937651,arctic_b0506(1).wav,M
164.26967211772893,179.6875,351.5625,507.8125,0.10059465680803571,3035.7840401785716,1581.6225935162354,1548.4959873531766,0.069083974,[104.16666667],2.8246784,17.969501,arctic_b0506(3).wav,M
176.08449959300714,195.3125,218.75,359.375,0.10989118303571428,3190.457589285714,1655.0440265579707,1557.3315077321242,0.123016536,[133.92857143],2.6806219,14.937651,arctic_b0506.wav,M
185.4447701691323,195.3125,398.4375,2500.0,0.14839865944602273,3759.588068181818,1965.371326236599,1702.3022145546527,0.11593711,[98.68421053],2.5473006,14.497845,arctic_b0507(1).wav,M
169.153820543549,179.6875,203.125,367.1875,0.1617149939903846,3799.3790064102564,2031.93619770081,1656.2045352806101,0.08253513,[110.29411765],2.6950479,15.991334,arctic_b0507(3).wav,M
185.4447701691323,195.3125,398.4375,2500.0,0.14839865944602273,3759.588068181818,1965.371326236599,1702.3022145546527,0.11593711,[98.68421053],2.5473006,14.497845,arctic_b0507.wav,M
177.8729642999572,171.875,195.3125,234.375,0.1109762752757353,3528.4926470588234,1748.2198920883434,1734.9849322203183,0.11663026,[93.75],2.6813335,15.449272,arctic_b0508(1).wav,M
175.44791471069303,171.875,226.5625,351.5625,0.11414930555555555,3259.9826388888887,1643.5419424240326,1613.2208303136247,0.11361494,[104.16666667],2.8069181,17.376818,arctic_b0508(3).wav,M
177.8729642999572,171.875,195.3125,234.375,0.1109762752757353,3528.4926470588234,1748.2198920883434,1734.9849322203183,0.11663026,[93.75],2.6813335,15.449272,arctic_b0508.wav,M
174.7139222783314,187.5,367.1875,437.5,0.13903339092548078,3788.9873798076924,1851.4396498390963,1756.1380280519004,0.10889978,[89.28571429],2.5412128,14.424051,arctic_b0509(1).wav,M
166.022444253247,179.6875,210.9375,304.6875,0.08548867582070707,3116.161616161616,1481.32174521454,1626.4389659464848,0.103796706,[98.68421053],2.5063462,17.72798,arctic_b0509(3).wav,M
174.7139222783314,187.5,367.1875,437.5,0.13903339092548078,3788.9873798076924,1851.4396498390963,1756.1380280519004,0.10889978,[89.28571429],2.5412128,14.424051,arctic_b0509.wav,M
172.7120908770666,179.6875,351.5625,414.0625,0.0841298204787234,2706.6988031914893,1382.8921681015445,1432.8652980079994,0.13608252,[144.23076923],2.055558,15.980102,arctic_b0510(1).wav,M
166.88977664892008,164.0625,203.125,328.125,0.0861328125,3004.8828125,1515.7777592634513,1568.7621784618327,0.10706055,[133.92857143],2.4026027,20.502394,arctic_b0510(3).wav,M
172.7120908770666,179.6875,351.5625,414.0625,0.0841298204787234,2706.6988031914893,1382.8921681015445,1432.8652980079994,0.13608252,[144.23076923],2.055558,15.980102,arctic_b0510.wav,M
172.83128152541718,195.3125,390.625,585.9375,0.06878756009615385,2975.6009615384614,1393.2097257923565,1520.0124043405651,0.12826484,[144.23076923],2.1873093,16.145557,arctic_b0511(1).wav,M
161.83311882506973,187.5,382.8125,414.0625,0.06129171080508475,2780.323093220339,1334.1449481989994,1497.0855009844042,0.098891325,[156.25],2.232492,22.396048,arctic_b0511(3).wav,M
172.83128152541718,195.3125,390.625,585.9375,0.06878756009615385,2975.6009615384614,1393.2097257923565,1520.0124043405651,0.12826484,[144.23076923],2.1873093,16.145557,arctic_b0511.wav,M
174.91612736075646,179.6875,257.8125,390.625,0.16187931941105768,3790.564903846154,2014.47222114213,1687.2440920691547,0.1314669,[78.125],2.6151986,14.857911,arctic_b0512(1).wav,M
177.57665634035968,171.875,203.125,234.375,0.13699701780913978,3418.17876344086,1793.2898947206836,1596.0851681895153,0.10888318,[85.22727273],2.5243764,17.97458,arctic_b0512(3).wav,M
174.91612736075646,179.6875,257.8125,390.625,0.16187931941105768,3790.564903846154,2014.47222114213,1687.2440920691547,0.1314669,[78.125],2.6151986,14.857911,arctic_b0512.wav,M
177.85386114130907,179.6875,351.5625,375.0,0.10319890202702703,2879.539695945946,1445.2851954615119,1445.3679890649794,0.15541956,[93.75],2.4138203,16.95594,arctic_b0513(1).wav,M
165.70757473046066,171.875,335.9375,375.0,0.09483984375,2890.0625,1465.2586053225011,1495.9067178429132,0.07424787,[104.16666667],2.5851388,20.803768,arctic_b0513(3).wav,M
177.85386114130907,179.6875,351.5625,375.0,0.10319890202702703,2879.539695945946,1445.2851954615119,1445.3679890649794,0.15541956,[93.75],2.4138203,16.95594,arctic_b0513.wav,M
176.9538293602459,187.5,351.5625,382.8125,0.10370187661082474,2864.6907216494847,1539.1592636683124,1407.684632915687,0.122583844,[72.11538462],2.4921122,15.6959715,arctic_b0514(1).wav,M
164.13403141263265,164.0625,265.625,328.125,0.09240036867977527,2757.2858146067415,1486.323976029404,1423.3753682182862,0.116048306,[144.23076923],2.567725,18.077753,arctic_b0514(3).wav,M
176.9538293602459,187.5,351.5625,382.8125,0.10370187661082474,2864.6907216494847,1539.1592636683124,1407.684632915687,0.122583844,[72.11538462],2.4921122,15.6959715,arctic_b0514.wav,M
168.8640308666994,195.3125,390.625,593.75,0.1441608297413793,3602.6400862068967,1870.992566078207,1671.9750936326354,0.10798406,[156.25],2.4455667,14.430265,arctic_b0515(1).wav,M
169.2695865526453,179.6875,304.6875,351.5625,0.12521774704391891,3386.2964527027025,1701.3443175141094,1677.9444595989162,0.07485962,[144.23076923],2.6779306,15.3626995,arctic_b0515(3).wav,M
168.8640308666994,195.3125,390.625,593.75,0.1441608297413793,3602.6400862068967,1870.992566078207,1671.9750936326354,0.10798406,[156.25],2.4455667,14.430265,arctic_b0515.wav,M
178.10614780334697,179.6875,226.5625,359.375,0.17652635450487014,3579.7483766233768,2052.381385521786,1567.3490082453352,0.11567921,[93.75],2.5495527,14.822502,arctic_b0516(1).wav,M
172.6258706756074,171.875,226.5625,335.9375,0.1587405856564748,3330.710431654676,1855.1537136902807,1567.5200193627672,0.06341119,[187.5],2.6615448,16.926617,arctic_b0516(3).wav,M
178.10614780334697,179.6875,226.5625,359.375,0.17652635450487014,3579.7483766233768,2052.381385521786,1567.3490082453352,0.11567921,[93.75],2.5495527,14.822502,arctic_b0516.wav,M
165.0571983312132,187.5,367.1875,406.25,0.14990234375,3905.6412337662337,2069.9936184452863,1726.35972694749,0.09848417,[125.],2.9277773,13.276655,arctic_b0517(1).wav,M
167.16445660260786,171.875,210.9375,250.0,0.1302306292808219,3684.503424657534,1885.7186302480268,1754.2945872556115,0.08750783,[72.11538462],2.7398672,15.698011,arctic_b0517(3).wav,M
165.0571983312132,187.5,367.1875,406.25,0.14990234375,3905.6412337662337,2069.9936184452863,1726.35972694749,0.09848417,[125.],2.9277773,13.276655,arctic_b0517.wav,M
178.8384523194651,187.5,382.8125,539.0625,0.13539670548349056,3427.9923349056603,1894.7210275063458,1600.4167456913303,0.11646317,[110.29411765],2.780789,14.098769,arctic_b0518(1).wav,M
170.01459984033673,171.875,203.125,343.75,0.12660845588235295,3463.158700980392,1815.980753773756,1641.6100990684697,0.08904021,[85.22727273],2.665781,15.353035,arctic_b0518(3).wav,M
178.8384523194651,187.5,382.8125,539.0625,0.13539670548349056,3427.9923349056603,1894.7210275063458,1600.4167456913303,0.11646317,[110.29411765],2.780789,14.098769,arctic_b0518.wav,M
176.6540231798166,195.3125,359.375,398.4375,0.083404541015625,3211.3037109375,1556.9387871832962,1621.8864557075842,0.097947165,[156.25],2.0970576,14.789824,arctic_b0519(1).wav,M
159.25161475816014,156.25,187.5,312.5,0.07391892817982457,2870.6140350877195,1378.2785966634285,1564.8821786163562,0.11816058,[144.23076923],2.2786002,21.919724,arctic_b0519(3).wav,M
176.6540231798166,195.3125,359.375,398.4375,0.083404541015625,3211.3037109375,1556.9387871832962,1621.8864557075842,0.097947165,[156.25],2.0970576,14.789824,arctic_b0519.wav,M
189.8728188553243,187.5,375.0,421.875,0.199676513671875,3815.3852982954545,2223.440860338705,1609.3567656553853,0.108700775,[133.92857143],2.6668556,14.6371355,arctic_b0520(1).wav,M
170.712175238447,171.875,351.5625,390.625,0.16780598958333334,3445.6770833333335,1960.453102660921,1591.2276160828005,0.098869175,[144.23076923],2.793885,17.21262,arctic_b0520(3).wav,M
189.8728188553243,187.5,375.0,421.875,0.199676513671875,3815.3852982954545,2223.440860338705,1609.3567656553853,0.108700775,[133.92857143],2.6668556,14.6371355,arctic_b0520.wav,M
168.97623670795332,187.5,218.75,367.1875,0.15592447916666666,3633.8205645161293,2011.4557166571556,1576.0487390475364,0.10174305,[89.28571429],2.5892458,15.157052,arctic_b0527.wav,M
171.83814388006462,218.75,343.75,375.0,0.13513299851190477,3452.2321428571427,1848.2552329894359,1578.36168017685,0.11462863,[117.1875],2.7055771,13.401123,arctic_b0528(1).wav,M
167.6643135715127,187.5,328.125,367.1875,0.11644422743055556,3281.597222222222,1678.3249055271483,1597.7736351354501,0.08702483,[170.45454545],2.666243,16.59393,arctic_b0528(3).wav,M
171.83814388006462,218.75,343.75,375.0,0.13513299851190477,3452.2321428571427,1848.2552329894359,1578.36168017685,0.11462863,[117.1875],2.7055771,13.401123,arctic_b0528.wav,M
177.19947015733663,171.875,210.9375,429.6875,0.10863913952464789,3094.0801056338028,1693.570595816758,1443.8105016985417,0.13846697,[98.68421053],2.5980227,14.157536,arctic_b0529(1).wav,M
163.87038411258482,171.875,203.125,351.5625,0.11817124310661764,3105.238970588235,1743.4845558182092,1533.9180148682099,0.12221343,[81.52173913],2.7619731,16.511728,arctic_b0529(3).wav,M
177.19947015733663,171.875,210.9375,429.6875,0.10863913952464789,3094.0801056338028,1693.570595816758,1443.8105016985417,0.13846697,[98.68421053],2.5980227,14.157536,arctic_b0529.wav,M
185.22717525882933,179.6875,218.75,367.1875,0.09676846590909091,3148.259943181818,1529.1497321279276,1520.9987705380333,0.14447115,[133.92857143],2.7711594,17.324394,arctic_b0530(1).wav,M
163.9502842195538,179.6875,210.9375,312.5,0.067401123046875,2993.359375,1395.305178403264,1546.5364837590423,0.0922729,[125.],2.6896138,21.770113,arctic_b0530(3).wav,M
185.22717525882933,179.6875,218.75,367.1875,0.09676846590909091,3148.259943181818,1529.1497321279276,1520.9987705380333,0.14447115,[133.92857143],2.7711594,17.324394,arctic_b0530.wav,M
189.39284761936096,195.3125,226.5625,398.4375,0.1548184481534091,3525.1242897727275,1922.9940561331189,1584.5133221889873,0.13454676,[170.45454545],2.786479,15.000195,arctic_b0531(1).wav,M
157.53292770185837,171.875,335.9375,398.4375,0.1470180777616279,3446.9476744186045,1849.5827040268478,1618.9451342567604,0.09143291,[81.52173913],2.8845637,17.749216,arctic_b0531(3).wav,M
189.39284761936096,195.3125,226.5625,398.4375,0.1548184481534091,3525.1242897727275,1922.9940561331189,1584.5133221889873,0.13454676,[170.45454545],2.786479,15.000195,arctic_b0531.wav,M
185.79978224110943,195.3125,390.625,421.875,0.1357255792942177,3138.0208333333335,1688.4074480172067,1515.587214226482,0.1166182,[98.68421053],2.7311404,15.433142,arctic_b0532(1).wav,M
165.03555842109324,171.875,210.9375,343.75,0.11585383628731344,3047.1665111940297,1609.8304319958809,1570.9092889085948,0.07917932,[104.16666667],2.8780909,17.466867,arctic_b0532(3).wav,M
185.79978224110943,195.3125,390.625,421.875,0.1357255792942177,3138.0208333333335,1688.4074480172067,1515.587214226482,0.1166182,[98.68421053],2.7311404,15.433142,arctic_b0532.wav,M
185.6496997480759,195.3125,359.375,390.625,0.12376812704248366,3287.9901960784314,1738.083181963887,1540.049563846581,0.12031185,[125.],2.59975,14.568083,arctic_b0533(1).wav,M
171.98370253213835,156.25,179.6875,312.5,0.11425434951241134,2992.021276595745,1559.2793971025187,1480.9273150651898,0.078603305,[133.92857143],2.688377,17.180548,arctic_b0533(3).wav,M
185.6496997480759,195.3125,359.375,390.625,0.12376812704248366,3287.9901960784314,1738.083181963887,1540.049563846581,0.12031185,[125.],2.59975,14.568083,arctic_b0533.wav,M
176.92071939325203,171.875,234.375,351.5625,0.14778098739495799,3323.0042016806724,1777.6173803053225,1577.1908048914252,0.106673345,[89.28571429],2.6528573,16.235455,arctic_b0534(1).wav,M
159.62147568030477,156.25,203.125,312.5,0.14851580925707547,3417.010613207547,1880.9318729218078,1606.7819421533914,0.09406124,[89.28571429],2.8332815,19.703182,arctic_b0534(3).wav,M
176.92071939325203,171.875,234.375,351.5625,0.14778098739495799,3323.0042016806724,1777.6173803053225,1577.1908048914252,0.106673345,[89.28571429],2.6528573,16.235455,arctic_b0534.wav,M
181.66698107779024,187.5,390.625,578.125,0.13512073863636365,3434.659090909091,1817.2990846352352,1600.4395252867018,0.110521376,[133.92857143],2.467565,14.213964,arctic_b0535(1).wav,M
163.65474534774296,164.0625,195.3125,335.9375,0.12385828354779412,3383.042279411765,1729.4440142690596,1612.6748772335827,0.06360812,[125.],2.6026847,17.36575,arctic_b0535(3).wav,M
181.66698107779024,187.5,390.625,578.125,0.13512073863636365,3434.659090909091,1817.2990846352352,1600.4395252867018,0.110521376,[133.92857143],2.467565,14.213964,arctic_b0535.wav,M
173.40787486570807,179.6875,218.75,351.5625,0.11224550189393939,3672.5852272727275,1787.0119187480627,1697.4129496151909,0.088201635,[72.11538462],2.576798,12.816001,arctic_b0536(1).wav,M
161.82543331923256,164.0625,335.9375,390.625,0.10619024020522388,3391.20802238806,1602.1199349420665,1695.8366973813875,0.08606603,[66.96428571],2.499793,15.836248,arctic_b0536(3).wav,M
173.40787486570807,179.6875,218.75,351.5625,0.11224550189393939,3672.5852272727275,1787.0119187480627,1697.4129496151909,0.088201635,[72.11538462],2.576798,12.816001,arctic_b0536.wav,M
187.41097273545728,179.6875,406.25,453.125,0.11677338805379747,3320.3125,1696.5147018070293,1622.480044553462,0.13158518,[98.68421053],2.3568664,14.707089,arctic_b0537(1).wav,M
166.76657951650895,171.875,210.9375,304.6875,0.10393701840753425,3051.4768835616437,1567.908269685702,1577.5740038972153,0.08380945,[104.16666667],2.4337273,17.820189,arctic_b0537(3).wav,M
187.41097273545728,179.6875,406.25,453.125,0.11677338805379747,3320.3125,1696.5147018070293,1622.480044553462,0.13158518,[98.68421053],2.3568664,14.707089,arctic_b0537.wav,M
182.30796754647073,187.5,398.4375,570.3125,0.2184460698341837,4362.404336734694,2526.1251488126472,1740.6972593807152,0.09704947,[170.45454545],2.8691885,14.619536,arctic_b0538(1).wav,M
163.25216604605404,171.875,343.75,468.75,0.2022026909722222,4209.809027777777,2401.734694663551,1755.1559757900654,0.09130829,[66.96428571],3.0282953,15.767378,arctic_b0538(3).wav,M
182.30796754647073,187.5,398.4375,570.3125,0.2184460698341837,4362.404336734694,2526.1251488126472,1740.6972593807152,0.09704947,[170.45454545],2.8691885,14.619536,arctic_b0538.wav,M
185.89093362699776,171.875,203.125,398.4375,0.1414498634708738,3277.9884708737864,1783.4779013723635,1500.0955719397605,0.10186671,[133.92857143],2.606666,13.436951,arctic_b0539(1).wav,M
174.81744883267544,164.0625,195.3125,312.5,0.13155193718112246,3317.203443877551,1796.11534078464,1569.1874453086193,0.09692551,[208.33333333],2.8060148,15.444893,arctic_b0539(3).wav,M
185.89093362699776,171.875,203.125,398.4375,0.1414498634708738,3277.9884708737864,1783.4779013723635,1500.0955719397605,0.10186671,[133.92857143],2.606666,13.436951,arctic_b0539.wav,M
